index,date
0,/20110103
1,/20110104
2,/20110105
3,/20110106
4,/20110107
5,/20110108
6,/20110109
7,/20110110
8,/20110111
9,/20110112
10,/20110113
11,/20110114
12,/20110115
13,/20110116
14,/20110117
15,/20110118
16,/20110119
17,/20110120
18,/20110121
19,/20110122
20,/20110123
21,/20110124
22,/20110125
23,/20110126
24,/20110127
25,/20110128
26,/20110129
27,/20110130
28,/20110131
29,/20110201
30,/20110209
31,/20110210
32,/20110211
33,/20110212
34,/20110213
35,/20110214
36,/20110215
37,/20110216
38,/20110217
39,/20110218
40,/20110219
41,/20110220
42,/20110221
43,/20110222
44,/20110223
45,/20110224
46,/20110225
47,/20110226
48,/20110227
49,/20110228
50,/20110301
51,/20110302
52,/20110303
53,/20110304
54,/20110305
55,/20110306
56,/20110307
57,/20110308
58,/20110309
59,/20110310
60,/20110311
61,/20110312
62,/20110313
63,/20110314
64,/20110315
65,/20110316
66,/20110317
67,/20110318
68,/20110319
69,/20110320
70,/20110321
71,/20110322
72,/20110323
73,/20110324
74,/20110325
75,/20110326
76,/20110327
77,/20110328
78,/20110329
79,/20110330
80,/20110331
81,/20110401
82,/20110402
83,/20110403
84,/20110404
85,/20110405
86,/20110406
87,/20110407
88,/20110408
89,/20110409
90,/20110410
91,/20110411
92,/20110412
93,/20110413
94,/20110414
95,/20110415
96,/20110416
97,/20110417
98,/20110418
99,/20110419
100,/20110420
101,/20110421
102,/20110422
103,/20110423
104,/20110424
105,/20110425
106,/20110426
107,/20110427
108,/20110428
109,/20110429
110,/20110430
111,/20110501
112,/20110502
113,/20110503
114,/20110504
115,/20110505
116,/20110506
117,/20110507
118,/20110508
119,/20110509
120,/20110510
121,/20110511
122,/20110512
123,/20110513
124,/20110514
125,/20110515
126,/20110516
127,/20110517
128,/20110518
129,/20110519
130,/20110520
131,/20110521
132,/20110522
133,/20110523
134,/20110524
135,/20110525
136,/20110526
137,/20110527
138,/20110528
139,/20110529
140,/20110530
141,/20110601
142,/20110602
143,/20110603
144,/20110604
145,/20110605
146,/20110606
147,/20110607
148,/20110608
149,/20110609
150,/20110610
151,/20110611
152,/20110612
153,/20110613
154,/20110614
155,/20110615
156,/20110616
157,/20110617
158,/20110618
159,/20110619
160,/20110620
161,/20110621
162,/20110622
163,/20110623
164,/20110625
165,/20110626
166,/20110627
167,/20110628
168,/20110629
169,/20110630
170,/20110701
171,/20110702
172,/20110703
173,/20110704
174,/20110705
175,/20110706
176,/20110707
177,/20110708
178,/20110709
179,/20110710
180,/20110711
181,/20110712
182,/20110713
183,/20110714
184,/20110715
185,/20110716
186,/20110717
187,/20110718
188,/20110719
189,/20110720
190,/20110721
191,/20110722
192,/20110723
193,/20110724
194,/20110725
195,/20110726
196,/20110727
197,/20110728
198,/20110729
199,/20110730
200,/20110731
201,/20110801
202,/20110802
203,/20110803
204,/20110804
205,/20110805
206,/20110806
207,/20110807
208,/20110808
209,/20110809
210,/20110810
211,/20110811
212,/20110812
213,/20110813
214,/20110814
215,/20110815
216,/20110816
217,/20110817
218,/20110818
219,/20110819
220,/20110820
221,/20110821
222,/20110822
223,/20110823
224,/20110824
225,/20110825
226,/20110826
227,/20110827
228,/20110828
229,/20110829
230,/20110830
231,/20110831
232,/20110901
233,/20110902
234,/20110903
235,/20110904
236,/20110905
237,/20110906
238,/20110907
239,/20110908
240,/20110909
241,/20110910
242,/20110911
243,/20110912
244,/20110913
245,/20110914
246,/20110915
247,/20110916
248,/20110917
249,/20110918
250,/20110919
251,/20110920
252,/20110921
253,/20110922
254,/20110923
255,/20110924
256,/20110925
257,/20110926
258,/20110927
259,/20110928
260,/20110929
261,/20110930
262,/20111001
263,/20111002
264,/20111003
265,/20111004
266,/20111005
267,/20111006
268,/20111007
269,/20111008
270,/20111009
271,/20111010
272,/20111011
273,/20111012
274,/20111013
275,/20111014
276,/20111015
277,/20111016
278,/20111017
279,/20111018
280,/20111019
281,/20111020
282,/20111021
283,/20111022
284,/20111023
285,/20111024
286,/20111025
287,/20111026
288,/20111027
289,/20111028
290,/20111029
291,/20111030
292,/20111031
293,/20111101
294,/20111102
295,/20111103
296,/20111104
297,/20111105
298,/20111106
299,/20111107
300,/20111108
301,/20111109
302,/20111110
303,/20111111
304,/20111112
305,/20111113
306,/20111114
307,/20111115
308,/20111116
309,/20111117
310,/20111118
311,/20111119
312,/20111120
313,/20111121
314,/20111122
315,/20111123
316,/20111124
317,/20111125
318,/20111126
319,/20111127
320,/20111128
321,/20111129
322,/20111130
323,/20111201
324,/20111202
325,/20111203
326,/20111204
327,/20111205
328,/20111206
329,/20111207
330,/20111208
331,/20111209
332,/20111210
333,/20111211
334,/20111212
335,/20111213
336,/20111214
337,/20111215
338,/20111216
339,/20111217
340,/20111218
341,/20111219
342,/20111220
343,/20111221
344,/20111222
345,/20111223
346,/20111224
347,/20111226
348,/20111227
349,/20111228
350,/20111229
351,/20111230
352,/20111231
353,/20120101
354,/20120102
355,/20120103
356,/20120104
357,/20120105
358,/20120106
359,/20120107
360,/20120108
361,/20120109
362,/20120110
363,/20120111
364,/20120112
365,/20120113
366,/20120114
367,/20120115
368,/20120116
369,/20120117
370,/20120118
371,/20120119
372,/20120120
373,/20120121
374,/20120128
375,/20120129
376,/20120130
377,/20120131
378,/20120201
379,/20120202
380,/20120203
381,/20120204
382,/20120205
383,/20120206
384,/20120207
385,/20120208
386,/20120209
387,/20120210
388,/20120211
389,/20120212
390,/20120213
391,/20120214
392,/20120215
393,/20120216
394,/20120217
395,/20120218
396,/20120219
397,/20120220
398,/20120221
399,/20120222
400,/20120223
401,/20120224
402,/20120225
403,/20120226
404,/20120227
405,/20120228
406,/20120229
407,/20120301
408,/20120302
409,/20120303
410,/20120304
411,/20120305
412,/20120306
413,/20120307
414,/20120308
415,/20120309
416,/20120310
417,/20120311
418,/20120312
419,/20120313
420,/20120314
421,/20120315
422,/20120316
423,/20120317
424,/20120318
425,/20120319
426,/20120320
427,/20120321
428,/20120322
429,/20120323
430,/20120324
431,/20120325
432,/20120326
433,/20120327
434,/20120328
435,/20120329
436,/20120330
437,/20120331
438,/20120401
439,/20120402
440,/20120403
441,/20120404
442,/20120405
443,/20120406
444,/20120407
445,/20120408
446,/20120409
447,/20120410
448,/20120411
449,/20120412
450,/20120413
451,/20120414
452,/20120415
453,/20120416
454,/20120417
455,/20120418
456,/20120419
457,/20120420
458,/20120421
459,/20120422
460,/20120423
461,/20120424
462,/20120425
463,/20120426
464,/20120427
465,/20120428
466,/20120429
467,/20120430
468,/20120501
469,/20120502
470,/20120503
471,/20120504
472,/20120505
473,/20120506
474,/20120507
475,/20120508
476,/20120509
477,/20120510
478,/20120511
479,/20120512
480,/20120513
481,/20120514
482,/20120515
483,/20120516
484,/20120517
485,/20120518
486,/20120519
487,/20120520
488,/20120521
489,/20120522
490,/20120523
491,/20120524
492,/20120525
493,/20120526
494,/20120527
495,/20120528
496,/20120529
497,/20120530
498,/20120531
499,/20120601
500,/20120602
501,/20120603
502,/20120604
503,/20120605
504,/20120606
505,/20120607
506,/20120608
507,/20120609
508,/20120610
509,/20120611
510,/20120612
511,/20120613
512,/20120614
513,/20120615
514,/20120616
515,/20120617
516,/20120618
517,/20120619
518,/20120620
519,/20120621
520,/20120622
521,/20120623
522,/20120624
523,/20120626
524,/20120627
525,/20120628
526,/20120629
527,/20120630
528,/20120701
529,/20120702
530,/20120703
531,/20120704
532,/20120705
533,/20120707
534,/20120708
535,/20120709
536,/20120710
537,/20120711
538,/20120712
539,/20120713
540,/20120714
541,/20120715
542,/20120716
543,/20120717
544,/20120718
545,/20120719
546,/20120720
547,/20120721
548,/20120722
549,/20120723
550,/20120724
551,/20120725
552,/20120726
553,/20120727
554,/20120728
555,/20120729
556,/20120730
557,/20120731
558,/20120801
559,/20120802
560,/20120803
561,/20120804
562,/20120805
563,/20120806
564,/20120807
565,/20120808
566,/20120809
567,/20120810
568,/20120811
569,/20120812
570,/20120813
571,/20120814
572,/20120815
573,/20120816
574,/20120817
575,/20120818
576,/20120819
577,/20120820
578,/20120821
579,/20120822
580,/20120823
581,/20120824
582,/20120825
583,/20120826
584,/20120827
585,/20120828
586,/20120829
587,/20120830
588,/20120831
589,/20120901
590,/20120902
591,/20120903
592,/20120904
593,/20120905
594,/20120906
595,/20120907
596,/20120908
597,/20120909
598,/20120910
599,/20120911
600,/20120912
601,/20120913
602,/20120914
603,/20120915
604,/20120916
605,/20120917
606,/20120918
607,/20120919
608,/20120920
609,/20120921
610,/20120922
611,/20120923
612,/20120924
613,/20120925
614,/20120926
615,/20120927
616,/20120928
617,/20120929
618,/20120930
619,/20121001
620,/20121002
621,/20121003
622,/20121004
623,/20121005
624,/20121006
625,/20121007
626,/20121008
627,/20121009
628,/20121010
629,/20121011
630,/20121012
631,/20121013
632,/20121014
633,/20121015
634,/20121016
635,/20121017
636,/20121018
637,/20121019
638,/20121020
639,/20121021
640,/20121022
641,/20121023
642,/20121024
643,/20121025
644,/20121026
645,/20121027
646,/20121028
647,/20121029
648,/20121030
649,/20121031
650,/20121101
651,/20121102
652,/20121103
653,/20121104
654,/20121105
655,/20121106
656,/20121107
657,/20121108
658,/20121109
659,/20121110
660,/20121111
661,/20121112
662,/20121113
663,/20121114
664,/20121115
665,/20121116
666,/20121117
667,/20121118
668,/20121119
669,/20121120
670,/20121121
671,/20121122
672,/20121123
673,/20121124
674,/20121125
675,/20121126
676,/20121127
677,/20121128
678,/20121129
679,/20121130
680,/20121201
681,/20121202
682,/20121203
683,/20121204
684,/20121205
685,/20121206
686,/20121207
687,/20121208
688,/20121209
689,/20121210
690,/20121211
691,/20121212
692,/20121213
693,/20121214
694,/20121215
695,/20121216
696,/20121217
697,/20121218
698,/20121219
699,/20121220
700,/20121221
701,/20121222
702,/20121223
703,/20121226
704,/20121227
705,/20121228
706,/20121229
707,/20121230
708,/20121231
709,/20130101
710,/20130102
711,/20130103
712,/20130104
713,/20130105
714,/20130106
715,/20130107
716,/20130108
717,/20130109
718,/20130110
719,/20130111
720,/20130112
721,/20130113
722,/20130114
723,/20130115
724,/20130116
725,/20130117
726,/20130118
727,/20130119
728,/20130120
729,/20130121
730,/20130122
731,/20130123
732,/20130124
733,/20130125
734,/20130126
735,/20130127
736,/20130128
737,/20130129
738,/20130130
739,/20130131
740,/20130201
741,/20130202
742,/20130203
743,/20130204
744,/20130205
745,/20130206
746,/20130207
747,/20130208
748,/20130216
749,/20130217
750,/20130218
751,/20130219
752,/20130220
753,/20130221
754,/20130222
755,/20130223
756,/20130224
757,/20130225
758,/20130226
759,/20130227
760,/20130228
761,/20130301
762,/20130302
763,/20130303
764,/20130304
765,/20130305
766,/20130306
767,/20130307
768,/20130308
769,/20130309
770,/20130310
771,/20130311
772,/20130312
773,/20130313
774,/20130314
775,/20130315
776,/20130316
777,/20130317
778,/20130318
779,/20130319
780,/20130320
781,/20130321
782,/20130322
783,/20130323
784,/20130324
785,/20130325
786,/20130326
787,/20130327
788,/20130328
789,/20130329
790,/20130330
791,/20130331
792,/20130401
793,/20130402
794,/20130403
795,/20130404
796,/20130405
797,/20130406
798,/20130407
799,/20130408
800,/20130409
801,/20130410
802,/20130411
803,/20130412
804,/20130413
805,/20130414
806,/20130415
807,/20130416
808,/20130417
809,/20130418
810,/20130419
811,/20130420
812,/20130421
813,/20130422
814,/20130423
815,/20130424
816,/20130425
817,/20130426
818,/20130427
819,/20130428
820,/20130429
821,/20130430
822,/20130501
823,/20130502
824,/20130503
825,/20130504
826,/20130505
827,/20130506
828,/20130507
829,/20130508
830,/20130509
831,/20130510
832,/20130511
833,/20130512
834,/20130513
835,/20130514
836,/20130515
837,/20130516
838,/20130517
839,/20130518
840,/20130519
841,/20130520
842,/20130521
843,/20130522
844,/20130523
845,/20130524
846,/20130525
847,/20130526
848,/20130527
849,/20130528
850,/20130529
851,/20130530
852,/20130531
853,/20130601
854,/20130602
855,/20130604
856,/20130605
857,/20130606
858,/20130607
859,/20130608
860,/20130609
861,/20130610
862,/20130611
863,/20130612
864,/20130613
865,/20130614
866,/20130615
867,/20130616
868,/20130617
869,/20130618
870,/20130619
871,/20130620
872,/20130621
873,/20130622
874,/20130623
875,/20130624
876,/20130625
877,/20130626
878,/20130627
879,/20130628
880,/20130629
881,/20130630
882,/20130701
883,/20130702
884,/20130703
885,/20130704
886,/20130705
887,/20130706
888,/20130707
889,/20130708
890,/20130709
891,/20130710
892,/20130711
893,/20130712
894,/20130713
895,/20130714
896,/20130715
897,/20130716
898,/20130717
899,/20130718
900,/20130719
901,/20130720
902,/20130721
903,/20130722
904,/20130723
905,/20130724
906,/20130725
907,/20130726
908,/20130727
909,/20130728
910,/20130729
911,/20130730
912,/20130731
913,/20130801
914,/20130802
915,/20130803
916,/20130804
917,/20130805
918,/20130806
919,/20130807
920,/20130808
921,/20130809
922,/20130810
923,/20130811
924,/20130812
925,/20130813
926,/20130814
927,/20130815
928,/20130816
929,/20130817
930,/20130818
931,/20130819
932,/20130820
933,/20130821
934,/20130822
935,/20130823
936,/20130824
937,/20130825
938,/20130826
939,/20130827
940,/20130828
941,/20130829
942,/20130830
943,/20130831
944,/20130901
945,/20130902
946,/20130903
947,/20130904
948,/20130905
949,/20130906
950,/20130907
951,/20130908
952,/20130909
953,/20130910
954,/20130911
955,/20130912
956,/20130913
957,/20130914
958,/20130915
959,/20130916
960,/20130917
961,/20130918
962,/20130919
963,/20130920
964,/20130921
965,/20130922
966,/20130923
967,/20130924
968,/20130925
969,/20130926
970,/20130927
971,/20130928
972,/20130929
973,/20130930
974,/20131001
975,/20131002
976,/20131003
977,/20131004
978,/20131005
979,/20131006
980,/20131007
981,/20131008
982,/20131009
983,/20131010
984,/20131011
985,/20131012
986,/20131013
987,/20131014
988,/20131015
989,/20131016
990,/20131017
991,/20131018
992,/20131019
993,/20131020
994,/20131021
995,/20131022
996,/20131023
997,/20131024
998,/20131025
999,/20131026
1000,/20131027
1001,/20131028
1002,/20131029
1003,/20131030
1004,/20131031
1005,/20131101
1006,/20131102
1007,/20131103
1008,/20131104
1009,/20131105
1010,/20131106
1011,/20131107
1012,/20131108
1013,/20131109
1014,/20131110
1015,/20131111
1016,/20131112
1017,/20131113
1018,/20131114
1019,/20131115
1020,/20131116
1021,/20131117
1022,/20131118
1023,/20131119
1024,/20131120
1025,/20131121
1026,/20131122
1027,/20131123
1028,/20131124
1029,/20131125
1030,/20131126
1031,/20131127
1032,/20131128
1033,/20131129
1034,/20131130
1035,/20131201
1036,/20131202
1037,/20131203
1038,/20131204
1039,/20131205
1040,/20131206
1041,/20131207
1042,/20131208
1043,/20131209
1044,/20131210
1045,/20131211
1046,/20131212
1047,/20131213
1048,/20131214
1049,/20131215
1050,/20131216
1051,/20131217
1052,/20131218
1053,/20131219
1054,/20131220
1055,/20131221
1056,/20131222
1057,/20131223
1058,/20131226
1059,/20131227
1060,/20131228
1061,/20131229
1062,/20131230
1063,/20131231
1064,/20140101
1065,/20140102
1066,/20140103
1067,/20140104
1068,/20140105
1069,/20140106
1070,/20140107
1071,/20140108
1072,/20140109
1073,/20140110
1074,/20140111
1075,/20140112
1076,/20140113
1077,/20140114
1078,/20140115
1079,/20140116
1080,/20140117
1081,/20140118
1082,/20140119
1083,/20140120
1084,/20140121
1085,/20140122
1086,/20140123
1087,/20140124
1088,/20140125
1089,/20140126
1090,/20140127
1091,/20140128
1092,/20140129
1093,/20140207
1094,/20140208
1095,/20140209
1096,/20140210
1097,/20140211
1098,/20140212
1099,/20140213
1100,/20140214
1101,/20140215
1102,/20140216
1103,/20140217
1104,/20140218
1105,/20140219
1106,/20140220
1107,/20140221
1108,/20140222
1109,/20140223
1110,/20140224
1111,/20140225
1112,/20140226
1113,/20140227
1114,/20140228
1115,/20140301
1116,/20140302
1117,/20140303
1118,/20140304
1119,/20140305
1120,/20140306
1121,/20140307
1122,/20140308
1123,/20140309
1124,/20140310
1125,/20140311
1126,/20140312
1127,/20140313
1128,/20140314
1129,/20140315
1130,/20140316
1131,/20140317
1132,/20140318
1133,/20140319
1134,/20140320
1135,/20140321
1136,/20140322
1137,/20140323
1138,/20140324
1139,/20140325
1140,/20140326
1141,/20140327
1142,/20140328
1143,/20140329
1144,/20140330
1145,/20140331
1146,/20140401
1147,/20140402
1148,/20140403
1149,/20140404
1150,/20140405
1151,/20140406
1152,/20140407
1153,/20140408
1154,/20140409
1155,/20140410
1156,/20140411
1157,/20140412
1158,/20140413
1159,/20140414
1160,/20140415
1161,/20140416
1162,/20140417
1163,/20140418
1164,/20140419
1165,/20140420
1166,/20140421
1167,/20140422
1168,/20140423
1169,/20140424
1170,/20140425
1171,/20140426
1172,/20140427
1173,/20140428
1174,/20140429
1175,/20140430
1176,/20140501
1177,/20140502
1178,/20140503
1179,/20140504
1180,/20140505
1181,/20140506
1182,/20140507
1183,/20140508
1184,/20140509
1185,/20140510
1186,/20140511
1187,/20140512
1188,/20140513
1189,/20140514
1190,/20140515
1191,/20140516
1192,/20140517
1193,/20140518
1194,/20140519
1195,/20140520
1196,/20140521
1197,/20140522
1198,/20140523
1199,/20140524
1200,/20140525
1201,/20140526
1202,/20140527
1203,/20140528
1204,/20140529
1205,/20140530
1206,/20140531
1207,/20140601
1208,/20140602
1209,/20140603
1210,/20140604
1211,/20140605
1212,/20140606
1213,/20140607
1214,/20140608
1215,/20140609
1216,/20140610
1217,/20140611
1218,/20140612
1219,/20140613
1220,/20140614
1221,/20140615
1222,/20140616
1223,/20140617
1224,/20140618
1225,/20140619
1226,/20140620
1227,/20140621
1228,/20140622
1229,/20140623
1230,/20140624
1231,/20140625
1232,/20140626
1233,/20140627
1234,/20140628
1235,/20140629
1236,/20140630
1237,/20140702
1238,/20140703
1239,/20140704
1240,/20140705
1241,/20140706
1242,/20140707
1243,/20140708
1244,/20140709
1245,/20140710
1246,/20140711
1247,/20140712
1248,/20140713
1249,/20140714
1250,/20140715
1251,/20140716
1252,/20140717
1253,/20140718
1254,/20140719
1255,/20140720
1256,/20140721
1257,/20140722
1258,/20140723
1259,/20140724
1260,/20140725
1261,/20140726
1262,/20140727
1263,/20140728
1264,/20140729
1265,/20140730
1266,/20140731
1267,/20140801
1268,/20140802
1269,/20140803
1270,/20140804
1271,/20140805
1272,/20140806
1273,/20140807
1274,/20140808
1275,/20140809
1276,/20140810
1277,/20140811
1278,/20140812
1279,/20140813
1280,/20140814
1281,/20140815
1282,/20140816
1283,/20140817
1284,/20140818
1285,/20140819
1286,/20140820
1287,/20140821
1288,/20140822
1289,/20140823
1290,/20140824
1291,/20140825
1292,/20140826
1293,/20140827
1294,/20140828
1295,/20140829
1296,/20140830
1297,/20140831
1298,/20140901
1299,/20140902
1300,/20140903
1301,/20140904
1302,/20140905
1303,/20140906
1304,/20140907
1305,/20140908
1306,/20140909
1307,/20140910
1308,/20140911
1309,/20140912
1310,/20140913
1311,/20140914
1312,/20140915
1313,/20140916
1314,/20140917
1315,/20140918
1316,/20140919
1317,/20140920
1318,/20140921
1319,/20140922
1320,/20140923
1321,/20140924
1322,/20140925
1323,/20140926
1324,/20140927
1325,/20140928
1326,/20140929
1327,/20140930
1328,/20141001
1329,/20141002
1330,/20141003
1331,/20141004
1332,/20141005
1333,/20141006
1334,/20141007
1335,/20141008
1336,/20141009
1337,/20141010
1338,/20141011
1339,/20141012
1340,/20141013
1341,/20141014
1342,/20141015
1343,/20141016
1344,/20141017
1345,/20141018
1346,/20141019
1347,/20141021
1348,/20141022
1349,/20141023
1350,/20141024
1351,/20141025
1352,/20141026
1353,/20141027
1354,/20141028
1355,/20141029
1356,/20141030
1357,/20141031
1358,/20141101
1359,/20141102
1360,/20141103
1361,/20141104
1362,/20141105
1363,/20141106
1364,/20141107
1365,/20141108
1366,/20141109
1367,/20141110
1368,/20141111
1369,/20141112
1370,/20141113
1371,/20141114
1372,/20141115
1373,/20141116
1374,/20141117
1375,/20141118
1376,/20141119
1377,/20141120
1378,/20141121
1379,/20141122
1380,/20141123
1381,/20141124
1382,/20141125
1383,/20141126
1384,/20141127
1385,/20141128
1386,/20141129
1387,/20141130
1388,/20141201
1389,/20141202
1390,/20141203
1391,/20141204
1392,/20141205
1393,/20141206
1394,/20141207
1395,/20141208
1396,/20141209
1397,/20141210
1398,/20141211
1399,/20141212
1400,/20141213
1401,/20141214
1402,/20141215
1403,/20141216
1404,/20141217
1405,/20141218
1406,/20141219
1407,/20141220
1408,/20141221
1409,/20141222
1410,/20141226
1411,/20141227
1412,/20141228
1413,/20141229
1414,/20141230
1415,/20141231
1416,/20150101
1417,/20150102
1418,/20150103
1419,/20150104
1420,/20150105
1421,/20150106
1422,/20150107
1423,/20150108
1424,/20150109
1425,/20150110
1426,/20150111
1427,/20150112
1428,/20150113
1429,/20150114
1430,/20150115
1431,/20150116
1432,/20150117
1433,/20150118
1434,/20150119
1435,/20150120
1436,/20150121
1437,/20150122
1438,/20150123
1439,/20150124
1440,/20150125
1441,/20150126
1442,/20150127
1443,/20150128
1444,/20150129
1445,/20150130
1446,/20150131
1447,/20150201
1448,/20150202
1449,/20150203
1450,/20150204
1451,/20150205
1452,/20150206
1453,/20150207
1454,/20150208
1455,/20150209
1456,/20150210
1457,/20150211
1458,/20150212
1459,/20150213
1460,/20150214
1461,/20150215
1462,/20150216
1463,/20150217
1464,/20150225
1465,/20150226
1466,/20150227
1467,/20150228
1468,/20150301
1469,/20150302
1470,/20150303
1471,/20150304
1472,/20150305
1473,/20150306
1474,/20150307
1475,/20150308
1476,/20150309
1477,/20150310
1478,/20150311
1479,/20150312
1480,/20150313
1481,/20150314
1482,/20150315
1483,/20150316
1484,/20150317
1485,/20150318
1486,/20150319
1487,/20150320
1488,/20150321
1489,/20150322
1490,/20150323
1491,/20150324
1492,/20150325
1493,/20150326
1494,/20150327
1495,/20150328
1496,/20150329
1497,/20150330
1498,/20150331
1499,/20150401
1500,/20150402
1501,/20150403
1502,/20150404
1503,/20150405
1504,/20150406
1505,/20150407
1506,/20150408
1507,/20150409
1508,/20150410
1509,/20150411
1510,/20150412
1511,/20150413
1512,/20150414
1513,/20150415
1514,/20150416
1515,/20150417
1516,/20150418
1517,/20150419
1518,/20150420
1519,/20150421
1520,/20150422
1521,/20150423
1522,/20150424
1523,/20150425
1524,/20150426
1525,/20150427
1526,/20150428
1527,/20150429
1528,/20150430
1529,/20150501
1530,/20150502
1531,/20150503
1532,/20150504
1533,/20150505
1534,/20150506
1535,/20150507
1536,/20150508
1537,/20150509
1538,/20150510
1539,/20150511
1540,/20150512
1541,/20150513
1542,/20150514
1543,/20150515
1544,/20150516
1545,/20150517
1546,/20150518
1547,/20150519
1548,/20150520
1549,/20150521
1550,/20150522
1551,/20150523
1552,/20150524
1553,/20150525
1554,/20150526
1555,/20150527
1556,/20150528
1557,/20150529
1558,/20150530
1559,/20150531
1560,/20150601
1561,/20150602
1562,/20150603
1563,/20150604
1564,/20150605
1565,/20150606
1566,/20150607
1567,/20150608
1568,/20150609
1569,/20150610
1570,/20150611
1571,/20150612
1572,/20150613
1573,/20150614
1574,/20150615
1575,/20150616
1576,/20150617
1577,/20150618
1578,/20150619
1579,/20150620
1580,/20150621
1581,/20150622
1582,/20150623
1583,/20150624
1584,/20150625
1585,/20150626
1586,/20150627
1587,/20150628
1588,/20150629
1589,/20150630
1590,/20150701
1591,/20150702
1592,/20150703
1593,/20150704
1594,/20150705
1595,/20150706
1596,/20150707
1597,/20150708
1598,/20150709
1599,/20150710
1600,/20150711
1601,/20150712
1602,/20150713
1603,/20150714
1604,/20150715
1605,/20150716
1606,/20150717
1607,/20150718
1608,/20150719
1609,/20150720
1610,/20150721
1611,/20150722
1612,/20150723
1613,/20150724
1614,/20150725
1615,/20150726
1616,/20150727
1617,/20150728
1618,/20150729
1619,/20150730
1620,/20150731
1621,/20150801
1622,/20150802
1623,/20150803
1624,/20150804
1625,/20150805
1626,/20150806
1627,/20150807
1628,/20150808
1629,/20150809
1630,/20150810
1631,/20150811
1632,/20150812
1633,/20150813
1634,/20150814
1635,/20150815
1636,/20150816
1637,/20150817
1638,/20150818
1639,/20150819
1640,/20150820
1641,/20150821
1642,/20150822
1643,/20150823
1644,/20150824
1645,/20150825
1646,/20150826
1647,/20150827
1648,/20150828
1649,/20150829
1650,/20150830
1651,/20150831
1652,/20150901
1653,/20150902
1654,/20150903
1655,/20150904
1656,/20150905
1657,/20150906
1658,/20150907
1659,/20150908
1660,/20150909
1661,/20150910
1662,/20150911
1663,/20150912
1664,/20150913
1665,/20150914
1666,/20150915
1667,/20150916
1668,/20150917
1669,/20150918
1670,/20150919
1671,/20150920
1672,/20150921
1673,/20150922
1674,/20150923
1675,/20150924
1676,/20150925
1677,/20150926
1678,/20150927
1679,/20150928
1680,/20150929
1681,/20150930
1682,/20151001
1683,/20151002
1684,/20151003
1685,/20151004
1686,/20151005
1687,/20151006
1688,/20151007
1689,/20151008
1690,/20151009
1691,/20151010
1692,/20151011
1693,/20151012
1694,/20151013
1695,/20151014
1696,/20151015
1697,/20151016
1698,/20151017
1699,/20151018
1700,/20151019
1701,/20151020
1702,/20151021
1703,/20151022
1704,/20151023
1705,/20151024
1706,/20151025
1707,/20151026
1708,/20151027
1709,/20151028
1710,/20151029
1711,/20151030
1712,/20151031
1713,/20151101
1714,/20151102
1715,/20151103
1716,/20151104
1717,/20151105
1718,/20151106
1719,/20151107
1720,/20151108
1721,/20151109
1722,/20151110
1723,/20151111
1724,/20151112
1725,/20151113
1726,/20151114
1727,/20151115
1728,/20151116
1729,/20151117
1730,/20151118
1731,/20151119
1732,/20151120
1733,/20151121
1734,/20151122
1735,/20151123
1736,/20151124
1737,/20151125
1738,/20151126
1739,/20151127
1740,/20151128
1741,/20151129
1742,/20151130
1743,/20151201
1744,/20151202
1745,/20151203
1746,/20151204
1747,/20151205
1748,/20151206
1749,/20151207
1750,/20151208
1751,/20151209
1752,/20151210
1753,/20151211
1754,/20151212
1755,/20151213
1756,/20151214
1757,/20151215
1758,/20151216
1759,/20151217
1760,/20151218
1761,/20151219
1762,/20151220
1763,/20151221
1764,/20151224
1765,/20151226
1766,/20151227
1767,/20151228
1768,/20151229
1769,/20151230
1770,/20151231
1771,/20160101
1772,/20160102
1773,/20160103
1774,/20160104
1775,/20160105
1776,/20160106
1777,/20160107
1778,/20160108
1779,/20160109
1780,/20160110
1781,/20160111
1782,/20160112
1783,/20160113
1784,/20160114
1785,/20160115
1786,/20160116
1787,/20160117
1788,/20160118
1789,/20160119
1790,/20160120
1791,/20160121
1792,/20160122
1793,/20160123
1794,/20160124
1795,/20160125
1796,/20160126
1797,/20160127
1798,/20160128
1799,/20160129
1800,/20160130
1801,/20160131
1802,/20160201
1803,/20160202
1804,/20160203
1805,/20160204
1806,/20160205
1807,/20160206
1808,/20160213
1809,/20160214
1810,/20160215
1811,/20160216
1812,/20160217
1813,/20160218
1814,/20160219
1815,/20160220
1816,/20160221
1817,/20160222
1818,/20160223
1819,/20160224
1820,/20160225
1821,/20160226
1822,/20160227
1823,/20160228
1824,/20160229
1825,/20160301
1826,/20160302
1827,/20160303
1828,/20160304
1829,/20160305
1830,/20160306
1831,/20160307
1832,/20160308
1833,/20160309
1834,/20160310
1835,/20160311
1836,/20160312
1837,/20160313
1838,/20160314
1839,/20160315
1840,/20160316
1841,/20160317
1842,/20160318
1843,/20160319
1844,/20160320
1845,/20160321
1846,/20160323
1847,/20160324
1848,/20160325
1849,/20160326
1850,/20160327
1851,/20160328
1852,/20160329
1853,/20160330
1854,/20160331
1855,/20160401
1856,/20160402
1857,/20160403
1858,/20160404
1859,/20160405
1860,/20160406
1861,/20160407
1862,/20160408
1863,/20160409
1864,/20160410
1865,/20160411
1866,/20160412
1867,/20160413
1868,/20160414
1869,/20160415
1870,/20160416
1871,/20160417
1872,/20160418
1873,/20160419
1874,/20160420
1875,/20160421
1876,/20160422
1877,/20160423
1878,/20160424
1879,/20160425
1880,/20160426
1881,/20160427
1882,/20160428
1883,/20160429
1884,/20160430
1885,/20160501
1886,/20160502
1887,/20160503
1888,/20160504
1889,/20160505
1890,/20160506
1891,/20160507
1892,/20160508
1893,/20160509
1894,/20160510
1895,/20160511
1896,/20160512
1897,/20160513
1898,/20160514
1899,/20160515
1900,/20160516
1901,/20160517
1902,/20160518
1903,/20160519
1904,/20160520
1905,/20160521
1906,/20160522
1907,/20160523
1908,/20160524
1909,/20160525
1910,/20160526
1911,/20160527
1912,/20160528
1913,/20160529
1914,/20160530
1915,/20160531
1916,/20160601
1917,/20160602
1918,/20160603
1919,/20160604
1920,/20160605
1921,/20160606
1922,/20160607
1923,/20160608
1924,/20160609
1925,/20160610
1926,/20160611
1927,/20160612
1928,/20160613
1929,/20160614
1930,/20160615
1931,/20160616
1932,/20160617
1933,/20160618
1934,/20160619
1935,/20160620
1936,/20160621
1937,/20160622
1938,/20160623
1939,/20160625
1940,/20160626
1941,/20160627
1942,/20160628
1943,/20160629
1944,/20160630
1945,/20160701
1946,/20160702
1947,/20160703
1948,/20160704
1949,/20160705
1950,/20160706
1951,/20160707
1952,/20160708
1953,/20160709
1954,/20160710
1955,/20160711
1956,/20160712
1957,/20160713
1958,/20160714
1959,/20160715
1960,/20160716
1961,/20160717
1962,/20160718
1963,/20160719
1964,/20160720
1965,/20160721
1966,/20160722
1967,/20160723
1968,/20160724
1969,/20160725
1970,/20160726
1971,/20160727
1972,/20160728
1973,/20160729
1974,/20160730
1975,/20160731
1976,/20160801
1977,/20160802
1978,/20160803
1979,/20160804
1980,/20160805
1981,/20160806
1982,/20160807
1983,/20160808
1984,/20160809
1985,/20160810
1986,/20160811
1987,/20160812
1988,/20160813
1989,/20160814
1990,/20160815
1991,/20160816
1992,/20160817
1993,/20160818
1994,/20160819
1995,/20160820
1996,/20160821
1997,/20160822
1998,/20160823
1999,/20160824
2000,/20160825
2001,/20160826
2002,/20160827
2003,/20160828
2004,/20160829
2005,/20160830
2006,/20160831
2007,/20160901
2008,/20160902
2009,/20160903
2010,/20160904
2011,/20160905
2012,/20160906
2013,/20160907
2014,/20160908
2015,/20160909
2016,/20160910
2017,/20160911
2018,/20160912
2019,/20160913
2020,/20160914
2021,/20160915
2022,/20160916
2023,/20160917
2024,/20160918
2025,/20160919
2026,/20160920
2027,/20160921
2028,/20160922
2029,/20160923
2030,/20160924
2031,/20160925
2032,/20160926
2033,/20160927
2034,/20160928
2035,/20160929
2036,/20160930
2037,/20161001
2038,/20161002
2039,/20161003
2040,/20161004
2041,/20161005
2042,/20161006
2043,/20161007
2044,/20161008
2045,/20161009
2046,/20161010
2047,/20161011
2048,/20161012
2049,/20161013
2050,/20161014
2051,/20161015
2052,/20161016
2053,/20161017
2054,/20161018
2055,/20161019
2056,/20161020
2057,/20161021
2058,/20161022
2059,/20161023
2060,/20161024
2061,/20161025
2062,/20161026
2063,/20161027
2064,/20161028
2065,/20161029
2066,/20161030
2067,/20161031
2068,/20161101
2069,/20161102
2070,/20161103
2071,/20161104
2072,/20161105
2073,/20161106
2074,/20161107
2075,/20161108
2076,/20161109
2077,/20161110
2078,/20161111
2079,/20161112
2080,/20161113
2081,/20161114
2082,/20161115
2083,/20161116
2084,/20161117
2085,/20161118
2086,/20161119
2087,/20161120
2088,/20161121
2089,/20161122
2090,/20161123
2091,/20161124
2092,/20161125
2093,/20161126
2094,/20161127
2095,/20161128
2096,/20161129
2097,/20161130
2098,/20161201
2099,/20161202
2100,/20161203
2101,/20161204
2102,/20161205
2103,/20161206
2104,/20161207
2105,/20161208
2106,/20161209
2107,/20161210
2108,/20161211
2109,/20161212
2110,/20161213
2111,/20161214
2112,/20161215
2113,/20161216
2114,/20161217
2115,/20161218
2116,/20161219
2117,/20161220
2118,/20161221
2119,/20161222
2120,/20161223
2121,/20161224
2122,/20161226
2123,/20161227
2124,/20161228
2125,/20161229
2126,/20161230
2127,/20161231
2128,/20170101
2129,/20170102
2130,/20170103
2131,/20170104
2132,/20170105
2133,/20170106
2134,/20170107
2135,/20170108
2136,/20170109
2137,/20170110
2138,/20170111
2139,/20170112
2140,/20170113
2141,/20170114
2142,/20170115
2143,/20170116
2144,/20170117
2145,/20170118
2146,/20170119
2147,/20170120
2148,/20170121
2149,/20170122
2150,/20170123
2151,/20170124
2152,/20170125
2153,/20170126
2154,/20170203
2155,/20170204
2156,/20170205
2157,/20170206
2158,/20170207
2159,/20170208
2160,/20170209
2161,/20170210
2162,/20170211
2163,/20170212
2164,/20170213
2165,/20170214
2166,/20170215
2167,/20170216
2168,/20170217
2169,/20170218
2170,/20170219
2171,/20170220
2172,/20170221
2173,/20170222
2174,/20170223
2175,/20170224
2176,/20170225
2177,/20170226
2178,/20170227
2179,/20170228
2180,/20170301
2181,/20170302
2182,/20170303
2183,/20170304
2184,/20170305
2185,/20170306
2186,/20170307
2187,/20170308
2188,/20170309
2189,/20170310
2190,/20170311
2191,/20170312
2192,/20170313
2193,/20170314
2194,/20170315
2195,/20170316
2196,/20170317
2197,/20170318
2198,/20170319
2199,/20170320
2200,/20170321
2201,/20170322
2202,/20170323
2203,/20170324
2204,/20170325
2205,/20170326
2206,/20170327
2207,/20170328
2208,/20170329
2209,/20170331
2210,/20170401
2211,/20170402
2212,/20170403
2213,/20170404
2214,/20170405
2215,/20170406
2216,/20170407
2217,/20170408
2218,/20170409
2219,/20170410
2220,/20170411
2221,/20170412
2222,/20170413
2223,/20170414
2224,/20170415
2225,/20170416
2226,/20170417
2227,/20170418
2228,/20170419
2229,/20170420
2230,/20170421
2231,/20170422
2232,/20170423
2233,/20170424
2234,/20170425
2235,/20170426
2236,/20170427
2237,/20170428
2238,/20170429
2239,/20170430
2240,/20170501
2241,/20170502
2242,/20170503
2243,/20170504
2244,/20170505
2245,/20170506
2246,/20170507
2247,/20170508
2248,/20170509
2249,/20170510
2250,/20170511
2251,/20170512
2252,/20170513
2253,/20170514
2254,/20170515
2255,/20170516
2256,/20170517
2257,/20170518
2258,/20170519
2259,/20170520
2260,/20170521
2261,/20170522
2262,/20170523
2263,/20170524
2264,/20170525
2265,/20170526
2266,/20170527
2267,/20170528
2268,/20170529
2269,/20170530
2270,/20170531
2271,/20170601
2272,/20170602
2273,/20170603
2274,/20170604
2275,/20170605
2276,/20170606
2277,/20170607
2278,/20170608
2279,/20170609
2280,/20170610
2281,/20170611
2282,/20170612
2283,/20170613
2284,/20170614
2285,/20170615
2286,/20170616
2287,/20170617
2288,/20170618
2289,/20170619
2290,/20170620
2291,/20170621
2292,/20170622
2293,/20170623
2294,/20170624
2295,/20170625
2296,/20170626
2297,/20170627
2298,/20170628
2299,/20170629
2300,/20170630
2301,/20170701
2302,/20170702
2303,/20170703
2304,/20170704
2305,/20170705
2306,/20170706
2307,/20170707
2308,/20170708
2309,/20170709
2310,/20170710
2311,/20170711
2312,/20170712
2313,/20170713
2314,/20170714
2315,/20170715
2316,/20170716
2317,/20170717
2318,/20170718
2319,/20170719
2320,/20170720
2321,/20170721
2322,/20170722
2323,/20170723
2324,/20170724
2325,/20170725
2326,/20170726
2327,/20170727
2328,/20170728
2329,/20170729
2330,/20170730
2331,/20170731
2332,/20170801
2333,/20170802
2334,/20170803
2335,/20170804
2336,/20170805
2337,/20170806
2338,/20170807
2339,/20170808
2340,/20170809
2341,/20170810
2342,/20170811
2343,/20170812
2344,/20170813
2345,/20170814
2346,/20170815
2347,/20170816
2348,/20170817
2349,/20170818
2350,/20170819
2351,/20170820
2352,/20170821
2353,/20170822
2354,/20170823
2355,/20170824
2356,/20170825
2357,/20170826
2358,/20170827
2359,/20170828
2360,/20170829
2361,/20170830
2362,/20170831
2363,/20170901
2364,/20170902
2365,/20170903
2366,/20170904
2367,/20170905
2368,/20170906
2369,/20170907
2370,/20170908
2371,/20170909
2372,/20170910
2373,/20170911
2374,/20170912
2375,/20170913
2376,/20170914
2377,/20170915
2378,/20170916
2379,/20170917
2380,/20170918
2381,/20170919
2382,/20170920
2383,/20170921
2384,/20170922
